Title;Release Date;Genre;Director;IMDB Description;Rating
Vengence;2022-07-29;Comedy,Mystery,Thriller;B.J. Novak;Months after a few one night stands, New York City writer Ben finds out a girl he barely knows has died. He's talked into flying to the middle of nowhere in Texas for her funeral where her brother vows to find out who killed her... and seek vengeance.;5
Five Nights at Freddy's;2023-10-27;Based on a Game,Horror,Mystery,Thriller; Emma Tammi;A troubled security guard begins working at Freddy Fazbear's Pizza. During his first night on the job, he realizes that the night shift won't be so easy to get through. Pretty soon he will unveil what actually happened at Freddy's.;3
Four Christmases;2008-11-26;Comedy,Drama,Romance,Rom Com; Seth Gordon; A couple struggles to visit all four of their divorced parents on Christmas.;1
Fred Claus;2007-11-09;Comedy,Family,Fantasy;David Dobkin;Fred Claus, Santa's bitter older brother, is forced to move to the North Pole to help Santa and the elves prepare for Christmas in exchange for cash.;3
Home Alone;1990-11-16;Comedy,Crime,Family;Chris Columbus;An eight-year-old troublemaker, mistakenly left home alone, must defend his home against a pair of burglars on Christmas Eve.;4
Home Alone 2: Lost in New York;1992-11-15;Adventure,Comedy,Crime,Family;Chris Columbus;One year after Kevin McCallister was left home alone and had to defeat a pair of bumbling burglars, he accidentally finds himself stranded in New York City - and the same criminals are not far behind.;3
Harry Potter and the Sorcerer's Stone;2001-11-16;Adventure,Based on a Book,Family,Fantasy;Chris Columbus;An orphaned boy enrolls in a school of wizardry, where he learns the truth about himself, his family and the terrible evil that haunts the magical world.;5
The Fast and the Furious;2001-06-22;Action,Crime,Thriller;Rob Cohen;Los Angeles police officer Brian O'Conner must decide where his loyalty really lies when he becomes enamored with the street racing world he has been sent undercover to destroy.;5
Harry Potter and the Chamber of Secrets;2002-11-14;Adventure,Based on a Book,Family,Fantasy;Chris Columbus;An ancient prophecy seems to be coming true when a mysterious presence begins stalking the corridors of a school of magic and leaving its victims paralyzed.;3
Harry Potter and the Prisoner of Azkaban;2004-06-04;Adventure,Based on a Book,Family,Fantasy;Alfonso Cuar√≥n;Harry Potter, Ron and Hermione return to Hogwarts School of Witchcraft and Wizardry for their third year of study, where they delve into the mystery surrounding an escaped prisoner who poses a dangerous threat to the young wizard.;3
Harry Potter and the Goblet of Fire;2005-11-18;Adventure,Based on a Book,Family,Fantasy,Teen;Mike Newell;Harry Potter finds himself competing in a hazardous tournament between rival schools of magic, but he is distracted by recurring nightmares.;3
Harry Potter and the Order of the Phoenix;2007-07-11;Action,Adventure,Based on a Book,Family,Fantasy,Teen;David Yates;With their warning about Lord Voldemort's return scoffed at, Harry and Dumbledore are targeted by the Wizard authorities as an authoritarian bureaucrat slowly seizes power at Hogwarts.;4
Harry Potter and the Half-Blood Prince;2009-07-15;Action,Adventure,Based on a Book,Family,Fantasy,Teen;David Yates;As Harry Potter begins his sixth year at Hogwarts, he discovers an old book marked as "the property of the Half-Blood Prince" and begins to learn more about Lord Voldemort's dark past.;4
Harry Potter and the Deathly Hallows: Part 1;2010-11-19;Action,Adventure,Based on a Book,Family,Fantasy,Teen;David Yates;As Harry, Ron and Hermione race against time and evil to destroy the Horcruxes, they uncover the existence of the three most powerful objects in the wizarding world: the Deathly Hallows.;3
Harry Potter and the Deathly Hallows: Part 2;2011-07-15;Action,Adventure,Based on a Book,Family,Fantasy,Teen;David Yates;Harry, Ron, and Hermione search for Voldemort's remaining Horcruxes in their effort to destroy the Dark Lord as the final battle rages on at Hogwarts.;4
The Hunger Games;2012-03-23;Action,Adventure,Based on a Book,Sci-Fi,Teen;Gary Ross;Katniss Everdeen voluntarily takes her younger sister's place in the Hunger Games: a televised competition in which two teenagers from each of the twelve Districts of Panem are chosen at random to fight to the death.;5
The Hunger Games: Catching Fire;2013-11-20;Action,Adventure,Based on a Book,Sci-Fi,Teen;Francis Lawrence;Katniss Everdeen and Peeta Mellark become targets of the Capitol after their victory in the 74th Hunger Games sparks a rebellion in the Districts of Panem.;4
The Hunger Games: Mockingjay: Part 1;2014-11-21;Action,Adventure,Based on a Book,Sci-Fi,Teen;Francis Lawrence;Katniss Everdeen is in District 13 after she shatters the games forever. Under the leadership of President Coin and the advice of her trusted friends, Katniss spreads her wings as she fights to save Peeta and a nation moved by her courage.;3
The Hunger Games: Mockingjay: Part 2;2015-11-20;Action,Adventure,Based on a Book,Sci-Fi,Teen;Francis Lawrence;Katniss and a team of rebels from District 13 prepare for the final battle that will decide the fate of Panem.;4
Bullet Train;2022-08-05;Action,Comedy,Thriller;David Leitch;Five assassins aboard a swiftly-moving bullet train find out that their missions have something in common.;4
